product,theme,observed,expected,residual,abs_residual,association_strength,direction
Checking or savings account,Banking / account servicing,3159,1933.95,27.8567,27.8567,Strong,Higher than expected
Checking or savings account,Credit reporting / identity,203,898.79,-23.2087,23.2087,Strong,Lower than expected
Checking or savings account,Credit-report accuracy / rights,0,78.28,-8.8475,8.8475,Strong,Lower than expected
Checking or savings account,Debt collection / validation,5,572.93,-23.727,23.727,Strong,Lower than expected
Checking or savings account,Debt legitimacy / authorization,0,56.67,-7.5281,7.5281,Strong,Lower than expected
Checking or savings account,Debt verification / FDCPA,0,202.43,-14.2277,14.2277,Strong,Lower than expected
Checking or savings account,False credit reporting,0,178.16,-13.3478,13.3478,Strong,Lower than expected
Checking or savings account,Transactions / funds disputes,1945,1390.78,14.8611,14.8611,Strong,Higher than expected
Credit card,Banking / account servicing,2448,1762.48,16.329,16.329,Strong,Higher than expected
Credit card,Credit reporting / identity,594,819.1,-7.8651,7.8651,Strong,Lower than expected
Credit card,Credit-report accuracy / rights,3,71.34,-8.091,8.091,Strong,Lower than expected
Credit card,Debt collection / validation,35,522.13,-21.3183,21.3183,Strong,Lower than expected
Credit card,Debt legitimacy / authorization,1,51.65,-7.0475,7.0475,Strong,Lower than expected
Credit card,Debt verification / FDCPA,0,184.48,-13.5823,13.5823,Strong,Lower than expected
Credit card,False credit reporting,1,162.37,-12.6639,12.6639,Strong,Lower than expected
Credit card,Transactions / funds disputes,1759,1267.47,13.8066,13.8066,Strong,Higher than expected
Credit card or prepaid card,Banking / account servicing,2,0.73,1.4905,1.4905,Normal,Higher than expected
Credit card or prepaid card,Credit reporting / identity,0,0.34,-0.5817,0.5817,Normal,Lower than expected
Credit card or prepaid card,Credit-report accuracy / rights,0,0.03,-0.1717,0.1717,Normal,Lower than expected
Credit card or prepaid card,Debt collection / validation,0,0.22,-0.4644,0.4644,Normal,Lower than expected
Credit card or prepaid card,Debt legitimacy / authorization,0,0.02,-0.1461,0.1461,Normal,Lower than expected
Credit card or prepaid card,Debt verification / FDCPA,0,0.08,-0.2761,0.2761,Normal,Lower than expected
Credit card or prepaid card,False credit reporting,0,0.07,-0.259,0.259,Normal,Lower than expected
Credit card or prepaid card,Transactions / funds disputes,0,0.52,-0.7236,0.7236,Normal,Lower than expected
Credit reporting or other personal consumer reports,Banking / account servicing,37,487.86,-20.4123,20.4123,Strong,Lower than expected
Credit reporting or other personal consumer reports,Credit reporting / identity,1227,226.73,66.4301,66.4301,Strong,Higher than expected
Credit reporting or other personal consumer reports,Credit-report accuracy / rights,19,19.75,-0.168,0.168,Normal,Lower than expected
Credit reporting or other personal consumer reports,Debt collection / validation,13,144.53,-10.9405,10.9405,Strong,Lower than expected
Credit reporting or other personal consumer reports,Debt legitimacy / authorization,0,14.3,-3.781,3.781,Strong,Lower than expected
Credit reporting or other personal consumer reports,Debt verification / FDCPA,0,51.06,-7.1459,7.1459,Strong,Lower than expected
Credit reporting or other personal consumer reports,False credit reporting,2,44.94,-6.4057,6.4057,Strong,Lower than expected
Credit reporting or other personal consumer reports,Transactions / funds disputes,42,350.84,-16.4883,16.4883,Strong,Lower than expected
"Credit reporting, credit repair services, or other personal consumer reports",Banking / account servicing,6,9.47,-1.1265,1.1265,Normal,Lower than expected
"Credit reporting, credit repair services, or other personal consumer reports",Credit reporting / identity,16,4.4,5.531,5.531,Strong,Higher than expected
"Credit reporting, credit repair services, or other personal consumer reports",Credit-report accuracy / rights,1,0.38,0.9966,0.9966,Normal,Higher than expected
"Credit reporting, credit repair services, or other personal consumer reports",Debt collection / validation,3,2.8,0.1169,0.1169,Normal,Higher than expected
"Credit reporting, credit repair services, or other personal consumer reports",Debt legitimacy / authorization,0,0.28,-0.5267,0.5267,Normal,Lower than expected
"Credit reporting, credit repair services, or other personal consumer reports",Debt verification / FDCPA,0,0.99,-0.9954,0.9954,Normal,Lower than expected
"Credit reporting, credit repair services, or other personal consumer reports",False credit reporting,0,0.87,-0.9338,0.9338,Normal,Lower than expected
"Credit reporting, credit repair services, or other personal consumer reports",Transactions / funds disputes,0,6.81,-2.6091,2.6091,Notable,Lower than expected
Debt collection,Banking / account servicing,1597,3753.23,-35.1959,35.1959,Strong,Lower than expected
Debt collection,Credit reporting / identity,2396,1744.29,15.6044,15.6044,Strong,Higher than expected
Debt collection,Credit-report accuracy / rights,415,151.92,21.3448,21.3448,Strong,Higher than expected
Debt collection,Debt collection / validation,3094,1111.88,59.4433,59.4433,Strong,Higher than expected
Debt collection,Debt legitimacy / authorization,317,109.98,19.7395,19.7395,Strong,Higher than expected
Debt collection,Debt verification / FDCPA,1142,392.85,37.7967,37.7967,Strong,Higher than expected
Debt collection,False credit reporting,1002,345.76,35.2915,35.2915,Strong,Higher than expected
Debt collection,Transactions / funds disputes,346,2699.09,-45.2929,45.2929,Strong,Lower than expected
Debt or credit management,Banking / account servicing,116,103.03,1.2775,1.2775,Normal,Higher than expected
Debt or credit management,Credit reporting / identity,90,47.88,6.0863,6.0863,Strong,Higher than expected
Debt or credit management,Credit-report accuracy / rights,2,4.17,-1.0628,1.0628,Normal,Lower than expected
Debt or credit management,Debt collection / validation,12,30.52,-3.3527,3.3527,Strong,Lower than expected
Debt or credit management,Debt legitimacy / authorization,0,3.02,-1.7376,1.7376,Normal,Lower than expected
Debt or credit management,Debt verification / FDCPA,1,10.78,-2.9795,2.9795,Notable,Lower than expected
Debt or credit management,False credit reporting,0,9.49,-3.0809,3.0809,Strong,Lower than expected
Debt or credit management,Transactions / funds disputes,62,74.09,-1.4051,1.4051,Normal,Lower than expected
"Money transfer, virtual currency, or money service",Banking / account servicing,1148,810.43,11.858,11.858,Strong,Higher than expected
"Money transfer, virtual currency, or money service",Credit reporting / identity,13,376.64,-18.7374,18.7374,Strong,Lower than expected
"Money transfer, virtual currency, or money service",Credit-report accuracy / rights,0,32.8,-5.7274,5.7274,Strong,Lower than expected
"Money transfer, virtual currency, or money service",Debt collection / validation,2,240.09,-15.3656,15.3656,Strong,Lower than expected
"Money transfer, virtual currency, or money service",Debt legitimacy / authorization,0,23.75,-4.8733,4.8733,Strong,Lower than expected
"Money transfer, virtual currency, or money service",Debt verification / FDCPA,0,84.83,-9.2102,9.2102,Strong,Lower than expected
"Money transfer, virtual currency, or money service",False credit reporting,0,74.66,-8.6406,8.6406,Strong,Lower than expected
"Money transfer, virtual currency, or money service",Transactions / funds disputes,1063,582.81,19.8907,19.8907,Strong,Higher than expected
Money transfers,Banking / account servicing,1,0.36,1.0539,1.0539,Normal,Higher than expected
Money transfers,Credit reporting / identity,0,0.17,-0.4113,0.4113,Normal,Lower than expected
Money transfers,Credit-report accuracy / rights,0,0.01,-0.1214,0.1214,Normal,Lower than expected
Money transfers,Debt collection / validation,0,0.11,-0.3284,0.3284,Normal,Lower than expected
Money transfers,Debt legitimacy / authorization,0,0.01,-0.1033,0.1033,Normal,Lower than expected
Money transfers,Debt verification / FDCPA,0,0.04,-0.1952,0.1952,Normal,Lower than expected
Money transfers,False credit reporting,0,0.03,-0.1831,0.1831,Normal,Lower than expected
Money transfers,Transactions / funds disputes,0,0.26,-0.5117,0.5117,Normal,Lower than expected
Mortgage,Banking / account servicing,857,719.04,5.1447,5.1447,Strong,Higher than expected
Mortgage,Credit reporting / identity,66,334.17,-14.6699,14.6699,Strong,Lower than expected
Mortgage,Credit-report accuracy / rights,0,29.1,-5.3948,5.3948,Strong,Lower than expected
Mortgage,Debt collection / validation,12,213.01,-13.7728,13.7728,Strong,Lower than expected
Mortgage,Debt legitimacy / authorization,0,21.07,-4.5903,4.5903,Strong,Lower than expected
Mortgage,Debt verification / FDCPA,0,75.26,-8.6754,8.6754,Strong,Lower than expected
Mortgage,False credit reporting,1,66.24,-8.016,8.016,Strong,Lower than expected
Mortgage,Transactions / funds disputes,1039,517.09,22.9514,22.9514,Strong,Higher than expected
"Payday loan, title loan, personal loan, or advance loan",Banking / account servicing,482,368.08,5.938,5.938,Strong,Higher than expected
"Payday loan, title loan, personal loan, or advance loan",Credit reporting / identity,97,171.06,-5.6626,5.6626,Strong,Lower than expected
"Payday loan, title loan, personal loan, or advance loan",Credit-report accuracy / rights,1,14.9,-3.6008,3.6008,Strong,Lower than expected
"Payday loan, title loan, personal loan, or advance loan",Debt collection / validation,17,109.04,-8.8143,8.8143,Strong,Lower than expected
"Payday loan, title loan, personal loan, or advance loan",Debt legitimacy / authorization,1,10.79,-2.9797,2.9797,Notable,Lower than expected
"Payday loan, title loan, personal loan, or advance loan",Debt verification / FDCPA,0,38.53,-6.207,6.207,Strong,Lower than expected
"Payday loan, title loan, personal loan, or advance loan",False credit reporting,0,33.91,-5.8231,5.8231,Strong,Lower than expected
"Payday loan, title loan, personal loan, or advance loan",Transactions / funds disputes,413,264.7,9.1152,9.1152,Strong,Higher than expected
Prepaid card,Banking / account servicing,211,119.42,8.3809,8.3809,Strong,Higher than expected
Prepaid card,Credit reporting / identity,3,55.5,-7.047,7.047,Strong,Lower than expected
Prepaid card,Credit-report accuracy / rights,0,4.83,-2.1985,2.1985,Notable,Lower than expected
Prepaid card,Debt collection / validation,0,35.38,-5.9478,5.9478,Strong,Lower than expected
Prepaid card,Debt legitimacy / authorization,0,3.5,-1.8707,1.8707,Normal,Lower than expected
Prepaid card,Debt verification / FDCPA,0,12.5,-3.5354,3.5354,Strong,Lower than expected
Prepaid card,False credit reporting,0,11.0,-3.3168,3.3168,Strong,Lower than expected
Prepaid card,Transactions / funds disputes,114,85.88,3.0348,3.0348,Strong,Higher than expected
Student loan,Banking / account servicing,322,359.34,-1.9698,1.9698,Normal,Lower than expected
Student loan,Credit reporting / identity,163,167.0,-0.3096,0.3096,Normal,Lower than expected
Student loan,Credit-report accuracy / rights,1,14.54,-3.5515,3.5515,Strong,Lower than expected
Student loan,Debt collection / validation,16,106.45,-8.7668,8.7668,Strong,Lower than expected
Student loan,Debt legitimacy / authorization,0,10.53,-3.245,3.245,Strong,Lower than expected
Student loan,Debt verification / FDCPA,0,37.61,-6.1329,6.1329,Strong,Lower than expected
Student loan,False credit reporting,0,33.1,-5.7536,5.7536,Strong,Lower than expected
Student loan,Transactions / funds disputes,485,258.42,14.0952,14.0952,Strong,Higher than expected
Vehicle loan or lease,Banking / account servicing,534,492.59,1.8658,1.8658,Normal,Higher than expected
Vehicle loan or lease,Credit reporting / identity,207,228.93,-1.4493,1.4493,Normal,Lower than expected
Vehicle loan or lease,Credit-report accuracy / rights,0,19.94,-4.4652,4.4652,Strong,Lower than expected
Vehicle loan or lease,Debt collection / validation,26,145.93,-9.9277,9.9277,Strong,Lower than expected
Vehicle loan or lease,Debt legitimacy / authorization,1,14.43,-3.5361,3.5361,Strong,Lower than expected
Vehicle loan or lease,Debt verification / FDCPA,0,51.56,-7.1805,7.1805,Strong,Lower than expected
Vehicle loan or lease,False credit reporting,0,45.38,-6.7364,6.7364,Strong,Lower than expected
Vehicle loan or lease,Transactions / funds disputes,585,354.24,12.2605,12.2605,Strong,Higher than expected
